CityName,iata_code,coordinates,
Aachen,AAH,6.186388969,50.82305527
Aasiaat,JEG,-52.78469849,68.72180176
Aba,AHJ,102.35224,32.53154
Abau,ABW,148.7389,-10.1956
Abbotsford,YXX,-122.3610001,49.02529907
Abengourou,OGO,-3.470279932,6.715559959
Aberdeen,ABZ,-2.197779894,57.20190048
Aberdeen,ABR,-98.42179871,45.44910049
Abidjan,ABJ,-3.926290035,5.261390209
Abilene,ABI,-99.68190002,32.41130066
Aboisso,ABO,-3.234722,5.461944
Abu Dhabi,AYM,54.6103,24.467
Abuja,ABV,7.263169765,9.006790161
Accra,ACC,-0.166786,5.6051898
Ada,ADT,-96.671303,34.804298
Adado,AAD,46.6375,6.095802
Adrian,ADG,-84.07730103,41.86769867
Afton,NRI,-94.86190033,36.57759857
Afton,AFO,-110.9420013,42.71120071
Agadez,AJY,8.000109673,16.9659996
Agevairu,AOA,146.8,-9.0254
Agnew,AGW,142.1490021,-12.14560032
Aiambak,AIH,141.2675,-7.342777778
Aiken,AIK,-81.684998,33.649399
Aiome,AIE,144.7307003,-5.145699978
Aitape,ATP,142.3468056,-3.143611111
Aiyura Valley,AYU,145.9041667,-6.338055556
Aklavik,LAK,-135.00599,68.223297
Akron,AKO,-103.2220001,40.17559814
Akron,AKC,-81.46690369,41.03749847
Akulivik,AKV,-78.14859772,60.8185997
Akure,AKR,5.301010132,7.246739864
Akureyri,AEY,-18.0727005,65.66000366
Alamogordo,ALM,-105.9909973,32.83990097
Albany,ABY,-84.19450378,31.53549957
Albany,ALB,-73.80169678,42.74829865
Albert Lea,AEL,-93.36720276,43.68149948
Albian Village,JHL,-111.4189987,57.22389984
Aleknagik,WKK,-158.6179962,59.2826004
Alenquer,ALT,-54.7231,-1.917
Alert,YLT,-62.2806015,82.51779938
Alert Bay,YAL,-126.9160004,50.5821991
Alexandria,ALY,29.94890022,31.18390083
Alexandria,HBE,29.69639969,30.91769981
Alexandria,AEX,-92.54979706,31.32740021
Alexandria,AXN,-95.3946991,45.86629868
Alexandria Bay,AXB,-75.90034,44.312002
Algeciras,AEI,-5.441118,36.12888
Algiers,ALG,3.215409994,36.69100189
Allentown,ABE,-75.44080353,40.65209961
Alliance,AIA,-102.8040009,42.05319977
Alluitsup Paa,LLU,-45.56917,60.46445
Alma,YTF,-71.64189911,48.50889969
Alma,AMN,-84.68800354,43.32210159
Alpena,APN,-83.56030273,45.0780983
Alroy Downs,AYD,136.0789948,-19.29080009
Altay,AAT,88.0858078,47.74988556
Altenburg,AOC,12.506389,50.981945
Alto Boa Vista,SWM,-51.43470001,-11.67169952
Alto Molocue,AME,37.68138889,-15.61027778
Altoona,AOO,-78.31999969,40.29639816
Altus,AXS,-99.3385,34.697952
Amanab,AMU,141.2143333,-3.586
Amarillo,AMA,-101.706001,35.219398
Ambatolahy,AHY,45.535,-20.01583333
Ambunti,AUJ,142.8231667,-4.215666667
Amchitka Island,AHT,179.2591667,51.37777778
Amityville,AYZ,-73.4,40.71
Amook Bay,AOS,-153.8150024,57.4715004
Amos,YEY,-78.249702,48.563903
Ampara,AFK,81.644,7.284
Amsterdam,AMS,4.76389,52.308601
Anacortes,OTS,-122.662003,48.499
Anahim Lake,YAA,-125.3030014,52.45249939
Andavadoaka,DVD,43.259573,-22.06608
Andekombe,ADC,145.7447222,-7.137222222
Anderson,AID,-85.61299896,40.10860062
Anderson,AND,-82.70939636,34.49459839
Andorra La Vella,ALV,1.533551,42.511174
Angling Lake,YAX,-89.57939911,53.8492012
Angola,ANQ,-85.083504,41.639702
Angoram,AGG,144.0738889,-4.055833333
Angus Downs Station,ANZ,132.2748,-25.0325
Anhua Island,ANH,160.225,-9.001388889
Ann Arbor,ARB,-83.74559784,42.22299957
Annaba,AAE,7.809174,36.822201
Annapolis,ANP,-76.568398,38.942902
Anniston,ANB,-85.8581,33.5882
Anthony,ANY,-98.079597,37.158501
Antwerp,ANR,4.460279942,51.18939972
Anua,BNY,159.7983333,-11.30222222
Apple Valley,APV,-117.185997,34.57529831
April River,APR,142.5401389,-4.676666667
Arauquita,ARQ,-71.388901,7.02106
Arctic Bay,YAB,-85.04250526,73.00576682
Ardmore,AHD,-97.12270355,34.14699936
Ardmore,ADM,-97.0196342,34.30301
Argyle Downs,AGY,128.9245,-16.514
Aribinda,XAR,-0.883000016,14.21700001
Arlit,RLT,7.365950108,18.79039955
Arly,ARL,1.48300004,11.59700012
Armstrong,YYW,-88.90969849,50.29029846
Arona,RNA,161.9795465,-9.860543583
Artesia,ATS,-104.4680023,32.85250092
Arviat,YEK,-94.07080078,61.09420013
Asaba,ABB,6.665278,6.204167
Asbury Park,ARX,-74.09083333,40.21930556
Aseki,AEK,146.1938667,-7.350804856
Ashland,ASX,-90.91899872,46.54850006
Aspen,ASE,-106.8690033,39.22320175
Astoria,AST,-123.8789978,46.15800095
Athens,AHN,-83.32630157,33.94860077
Atikokan,YIB,-91.63860321,48.77389908
Atkamba Mission,ABP,141.0952778,-6.065555556
Atlanta,ATL,-84.428101,33.6367
Atlantic,AIO,-95.04689789,41.40729904
Atlantic City,ACY,-74.57720184,39.45759964
Atlantic City,AIY,-74.45610046,39.36000061
Atmautluak,ATT,-162.272995,60.866699
Atoifi,ATD,161.011002,-8.87333
Attawapiskat,YAT,-82.43190002,52.92750168
Attu,QGQ,-53.62186968,67.94066286
Au,GRL,147.213461,-7.980713
Aua Island,AUI,143.0647222,-1.460555556
Auburn,AUN,-121.0820007,38.95479965
Auburn,AUO,-85.433998,32.615101
Augsburg,AGB,10.931667,48.425278
Augusta,AGS,-81.96450043,33.36989975
Augusta,AUG,-69.79730225,44.3205986
Auki,AKS,160.682007,-8.70257
Aumo,AUV,148.4452778,-5.731111111
Aupaluk,YPJ,-69.59970093,59.29669952
Aurora,LDO,-55.40705681,4.376108283
Aurora,BFK,-104.7519989,39.7016983
Austin,ASQ,-117.195,39.467998
Austin,AUM,-92.93340302,43.66500092
Austin,AUS,-97.66989899,30.19449997
Awar,AWR,144.853,-4.124
Baden-Baden,FKB,8.080499649,48.77939987
Baganga,BNQ,126.5688889,7.611944444
Bagotville,YBG,-70.99639893,48.33060074
Bahja,BJQ,56.06777778,19.87305556
Baicheng,DBC,123.019722,45.505278
Baie-Comeau,YBC,-68.20439911,49.13249969
Bainbridge,BGE,-84.63739777,30.9715004
Baise,AEB,106.9599991,23.72060013
Baker Lake,YBK,-96.07779694,64.29889679
Bakersfield,BFL,-119.0569992,35.43360138
Baku,ZXT,49.97680664,40.49554222
Baleela Base Camp,BJE,28.52305556,11.19944444
Ballalae,BAS,155.886656,-6.990745
Baltrum,BMR,7.373332977,53.72472382
Bambu,BCP,146.4925,-5.863611111
Bamfield,YBF,-125.1330032,48.83330154
Bamu,BMZ,143.2433,-7.8485
Banff,YBA,-115.5418611,51.20734047
Banfora,BNR,-4.717000008,10.68299961
Bangor,BGR,-68.82810211,44.80739975
Baniyala,BYX,136.227005,-13.19810009
Banning,BNG,-116.8509979,33.92309952
Banz,BNZ,144.623,-5.807
Bar Harbor,BHB,-68.3615036,44.45000076
Bar River,YEB,-84.09220123,46.42029953
Barakoma,VEV,156.7059937,-7.912779808
Baranof,BNF,-134.833146,57.088799
Barrie-Orillia,YLK,-79.55560303,44.48529816
Bathurst,ZBF,-65.73889923,47.62969971
Batna,BLJ,6.308589935,35.7521019
Batuna Mission Station,BPF,158.1193056,-8.562027778
Bauchi,BCU,9.744,10.482833
Baudette,BDE,-94.61219788,48.72840118
Baures,BVL,-63.58333206,-13.58333302
Bayanhot,AXF,105.58858,38.74831
Bayreuth,BYU,11.64,49.985001
Bazaruto Island,BZB,35.4729,-21.5411
Bazaruto Island,IBL,35.452801,-21.708
Bazhong,BZX,106.644872,31.73842
Bearskin Lake,XBE,-91.02719879,53.96559906
Beaufort,BFT,-80.63439941,32.41220093
Beaumont,BMT,-94.21579742,30.07069969
Beaver Creek,YXQ,-140.8670044,62.41030121
Bedford,BED,-71.28900146,42.47000122
Bedford,BFR,-86.44539642,38.84000015
Bedwell Harbour,YBW,-123.2330017,48.75
Beeville,NIR,-97.661917,28.362444
Belfast,BFS,-6.215829849,54.65750122
Belfast,BHD,-5.872499943,54.61809921
Belfast,GSS,31.44884777,-24.94737543
Beliyela,BYL,-9.993722222,7.369166667
Belize City,TZA,-88.19444275,17.51638985
Bell Island,KBE,-131.5720062,55.92910004
Bella Bella,YSX,-128.08299,52.150002
Bella Bella,ZEL,-128.156994,52.185001
Bella Coola,QBC,-126.596001,52.387501
Bellaire,ACB,-85.198402,44.988602
Belle Chasse,BCS,-90.02220154,29.86610031
Belleville,BLV,-89.835197,38.5452
Bellingham,BLI,-122.538002,48.7928009
Belmopan,BCV,-88.776496,17.269603
Bemidji,BJI,-94.93370056,47.50939941
Bemolanga,BZM,45.08883333,-17.6925
Benguera Island,BCW,35.43830109,-21.85330009
Benin,BNI,5.599500179,6.316979885
Bensbach,BSP,141.2594444,-8.858055556
Benson,BEX,-1.095829964,51.61640167
Benson,BBB,-95.65059662,45.33190155
Bentota,BJT,79.996,6.431
Bereina Mission,BEA,146.5083,-8.64
Berens River,YBV,-97.018303,52.358898
Bergen,BGO,5.218140125,60.29339981
Berlin,BER,13.49388889,52.35138889
Berlin,SXF,13.5225,52.380001
Berlin,THF,13.40390015,52.47299957
Berlin,TXL,13.2877,52.5597
Berlin,BML,-71.17590332,44.57540131
Besakoa,BSV,47.06166667,-15.6725
Bewani,BWP,141.1652778,-3.021666667
Biaru,BRP,146.7594,-7.6693
Bickerton Island,BCZ,136.2016667,-13.78083333
Bielefeld,BFE,8.544444,51.964722
Big Bay,YRR,-125.1316166,50.40944743
Big Creek,BGK,-88.40791321,16.51936913
Big Trout Lake,YTL,-89.89689636,53.81779861
Bigatyelang Island,AIC,168.8257,7.279422
Bila,AFT,160.9486111,-9.191388889
Bildudalur,BIU,-23.5461998,65.64129639
Biliau,BIJ,146.339,-5.578
Billings,BIL,-108.5429993,45.80770111
Bimini,NSB,-79.25,25.7670002
Binghamton,BGM,-75.97979736,42.20869827
Birmingham,BHX,-1.748029947,52.45389938
Birmingham,BHM,-86.75350189,33.56290054
Bishop,BIH,-118.3639984,37.37310028
Biskra,BSK,5.738230228,34.79330063
Bitburg,BBJ,6.565,49.945278
Black Tickle,YBI,-55.78499985,53.4693985
Blackwell,BWL,-97.31700134,36.79589844
Blakely Island,BYW,-122.8259964,48.57899857
Blissville,YYS,-66.543678,45.605633
Bloodvein River,YDV,-96.692305,51.784568
Bloomington,BMG,-86.61669922,39.14599991
Blythe,BLH,-114.7170029,33.61920166
Boana,BNV,146.825,-6.433
Boang Island,BOV,153.2812,-3.3834
Bob Quinn Lake,YBO,-130.25,56.96670151
Bobo Dioulasso,BOY,-4.33096981,11.16009998
Boca Raton,BCT,-80.10769653,26.37849998
Bodinumu,BNM,147.6667222,-9.107777778
Bogande,XBG,-0.166999996,12.9829998
Bogota,PRM,-74.084444,4.728056
Bokoro,BKR,17.06699944,12.38300037
Boku,BOQ,155.3419,-6.5427
Bolovip,BVP,141.655,-5.3633
Bomai,BMH,144.637,-6.373166667
Bonaventure,YVB,-65.46029663,48.07109833
Bondoukou,BDK,-2.761940002,8.017219543
Bongo,BGP,10.2088,-2.1713
Bonn,BNJ,7.163332939,50.76889038
Bonnyville,YBY,-110.744003,54.304199
Bordj Badji Mokhtar,BMW,0.923888981,21.375
Borkum,BMK,6.709167,53.59639
Bosset,BOT,141.1063222,-7.237257
Bossier City,BAD,-93.66269684,32.50180054
Boswell Bay,BSW,-146.1459961,60.42309952
Boulder,WBU,-105.2259979,40.03939819
Boulsa,XBO,-0.566999972,12.64999962
Bouna,BQO,-3.025279999,9.277500153
Boundary,BYA,-141.1130066,64.07830048
Boundiali,BXI,-6.467000008,9.532999992
Bradford,BDF,-89.61569977,41.23089981
Bradford,BFD,-78.64009857,41.80310059
Brady,BBD,-99.32389832,31.17930031
Bragado,QRF,-60.4803,-35.144
Brandon,YBR,-99.951897,49.91
Branson,BKG,-93.200544,36.532082
Braunschweig,BWE,10.5561,52.319199
Brava Island,BVR,-24.746,14.86430556
Brazoria,BZT,-95.57969666,28.98220062
Breckenridge,BKD,-98.89099884,32.71900177
Bremen,BRE,8.786669731,53.04750061
Bremerhaven,BRV,8.572778,53.506943
Bridgeport,BDR,-73.12619781,41.16350174
Brigham City,BMC,-112.061996,41.552399
Brighton,ESH,-0.297222,50.835602
Bristol,BRS,-2.71909,51.382702
Bristol,FZO,-2.590830088,51.51940155
Brochet,YBT,-101.679001,57.8894
Brockville,XBR,-75.75029755,44.63940048
Bromont,ZBM,-72.74140167,45.29079819
Bronson Creek,YBM,-131.0870056,56.68109894
Brookings,BOK,-124.290001,42.0746
Brookings,BKX,-96.816902,44.304798
Brussels,BRU,4.48443985,50.90140152
Brussels,CRL,4.45382,50.459202
Buchanan,UCN,-10.058333,5.904167
Buffalo Narrows,YVT,-108.4179993,55.84189987
Buka Island,BUA,154.6730042,-5.422319889
Bulolo,BUL,146.6495419,-7.216286671
Bundi,BNT,145.2275,-5.742222222
Bunsil - Umboi Island,BXZ,147.8667,-5.7243
Burns,BNO,-118.9550018,43.59189987
Burns Lake,YPZ,-125.9509964,54.37639999
Burwash,YDB,-139.0410004,61.37110138
Cache Creek,YZA,-121.321314,50.775258
Caia,CMZ,35.3341,-17.8331
Cairo,CAI,31.40559959,30.12190056
Calabar,CBQ,8.347200394,4.976019859
Caleta Olivia,CVI,-67.51860046,-46.43180084
Calgary,YYC,-114.0199966,51.11389923
Calverton,CTO,-72.79190063,40.9151001
Cambridge,CBG,0.175,52.205002
Cambridge Bay,YCB,-105.1380005,69.10810089
Camp Dwyer,DWR,64,31
Campbell River,YHH,-125.25,50.049999
Campbell River,YBL,-125.2710037,49.95080185
Candle,CDL,-161.9259949,65.90769959
Cangamba,CNZ,19.861099,-13.7106
Canton,CTK,-96.570999,43.308899
Capanda,KNP,15.4553194,-9.769370079
Cape Dorset,YTE,-76.52670288,64.23000336
Cape Gloucester,CGC,148.432417,-5.458965
Carlisle,CAX,-2.809170008,54.9375
Carlton Hill,CRY,128.5339966,-15.50189972
Carmen de Patagones,CPG,-62.9803,-40.7781
Cartwright,YRF,-57.04190063,53.68280029
Cascade Locks,CZK,-121.8789978,45.67689896
Casiguran,CGG,122.0651,16.1941
Castlegar,YCG,-117.6320038,49.29639816
Castori Islets,DOI,150.7218,-10.7009
Cat Lake,YAC,-91.82440186,51.72719955
Caye Caulker,CUK,-88.03250122,17.73469925
Caye Chapel,CYC,-88.04109955,17.70079994
Center Island,CWS,-122.8320007,48.49010086
Centralia,YCE,-81.508301,43.285599
Chapleau,YLD,-83.34670258,47.81999969
Charata,CNT,-61.2103,-27.2164
Charleston,NOC,-8.818490028,53.91030121
Charlevoix,YML,-70.22389984,47.59749985
Charlo,YCL,-66.330299,47.990799
Charlotte,QWG,-80.67009735,35.21379852
Charlottetown,YYG,-63.12110138,46.29000092
Chatham,CYM,-134.945999,57.5149
Chatham-Kent,XCM,-82.08190155,42.3064003
Cheadle,TIL,-113.6240005,51.05749893
Chena Hot Springs,CEX,-146.0469971,65.05180359
Chesterfield Inlet,YCS,-90.73110199,63.34690094
Chetwynd,YCQ,-121.6269989,55.68719864
Chevery,YHR,-59.63669968,50.46889877
Chibougamau,YMT,-74.52809906,49.77190018
Chicken,CKX,-141.9519959,64.07129669
Chifeng,AEQ,120.15958,43.87042
Chignik Lake,KCQ,-158.7749939,56.25500107
Chilko Lake,CJH,-124.1419983,51.62609863
Chilliwack,YCW,-121.939003,49.15280151
Chinguetti,CGT,-12.3978,20.5055
Chisana,CZN,-142.0480042,62.07120132
Chisasibi,YKU,-78.91690063,53.80559921
Chistochina,CZO,-144.6690063,62.56349945
Chitina,CXC,-144.427002,61.582901
Chomley,CIV,-132.21,55.217
Chuathbaluk,CHU,-159.216003,61.579102
Churchill,YYQ,-94.06500244,58.73920059
Churchill Falls,ZUM,-64.10639954,53.56190109
Chutes-des-Passes,YWQ,-71.138,49.9434
Circle Hot Springs,CHP,-144.6109924,65.48549652
Clear Lake,CLC,-95.1383,29.5555
Cleveland,BKL,-81.6832962,41.51750183
Clinton Creek Mine,YLM,-140.741748,64.475545
Cloppenburg,VAC,8.040556,52.908333
Cluff Lake,XCL,-109.5159988,58.39110184
Clyde River,YCY,-68.51670074,70.48609924
Cochrane,YCN,-81.01360321,49.10559845
Cold Lake,YOD,-110.2789993,54.40499878
Collins Bay,YKC,-103.6780014,58.23609924
Cologne,CGN,7.142739773,50.86589813
Colombo,BYV,79.85416667,6.929444444
Colombo,DGM,79.8721,7.1079
Colonsay,CSA,-6.24306,56.057499
Colorado Springs,AFF,-104.8130035,38.96969986
Columbus,CLU,-85.89630127,39.26190186
Colville Lake,YCK,-126.126,67.02
Comox,YQQ,-124.887001,49.71080017
Conklin,CFM,-111.278999,55.695301
Constantine,CZL,6.620389938,36.27600098
Coolibah,COB,130.9620056,-15.54829979
Cooperstown,COP,-74.89099884,42.62919998
Coorabie,CRJ,132.2960052,-31.89439964
Copenhagen,CPH,12.65600014,55.61790085
Copenhagen,RKE,12.13140011,55.58560181
Coral Harbour,YZS,-83.35939789,64.19329834
Cordova,CKU,-145.727005,60.54389954
Cornwall,YCC,-74.56330109,45.09280014
Corolla,DUF,-75.78849792,36.25350189
Coronation,YCT,-111.4449997,52.07500076
Corozal,CZH,-88.41190338,18.38220024
Cotonou,COO,2.384350061,6.357230186
Cottbus,CBU,14.531944,51.889442
Council,CIL,-163.7030029,64.89790344
Courtenay,YCA,-124.9820023,49.6794014
Coventry,CVT,-1.479719996,52.36970139
Cowley,YYM,-114.0940018,49.63639832
Craig,CGA,-133.147995,55.47880173
Cranbrook,YXC,-115.7819977,49.6108017
Crane Island,CKR,-122.9979,48.5978
Cresswell Downs,CSD,135.9160004,-17.94799995
Crested Butte,CSE,-106.928341,38.851918
Creston,CFQ,-116.4980011,49.03689957
Crestone,BCJ,-105.7766667,37.96477778
Crooked Creek,CKD,-158.1349945,61.86790085
Cross Lake,YCR,-97.76080322,54.61059952
Culion Island,CUJ,119.9378,11.8553
Culver City,CVR,-118.417,33.975
Cuxhaven,FCN,8.658499718,53.7677002
Dahl Creek,DCK,-156.9049988,66.94329834
Dallas,ADS,-96.83640289,32.96860123
Dalnegorsk,DHG,135.490005,44.558748
Dalnerechensk,DLR,133.7363,45.8783
Dambulla,DBU,80.6304,7.8604
Dandong,DDG,124.286003,40.0247
Dangriga,DGA,-88.23098755,16.98250961
Daqing Shi,DQA,125.1405556,46.74638889
Daru,DAU,143.2079926,-9.086759567
Daugo Island,DGG,147.0505,-9.5128
Dauphin,YDN,-100.052002,51.10079956
Dawson City,YDA,-139.128006,64.04309845
Dawson Creek,YDQ,-120.1829987,55.74229813
Dazu,DZU,105.773621,29.636227
Dease Lake,YDL,-130.0319977,58.42219925
Debepare,DBP,141.9055556,-6.308611111
Decatur,DCR,-84.862464,40.837548
Dedougou,DGU,-3.49000001,12.45899963
Deer Harbor,DHB,-123.0027778,48.61666667
Deer Lake,YDF,-57.39139938,49.21080017
Deer Lake,YVZ,-94.06140137,52.65579987
Deer Park,DPK,-73.31,40.76
Dekai - Yahukimo,DEX,139.482006,-4.8557
Delta Junction,DJN,-145.7169952,64.05039978
Demgulu,MFZ,149.1183,-6.1364
Denver,APA,-104.848999,39.57009888
Denver,BJC,-105.1169968,39.90879822
Deputatskiy,DPT,139.890012,69.392503
Derim,DER,147.1072222,-6.144722222
Diamantina Lakes,DYM,141.1450043,-23.76169968
Diapaga,DIP,1.784631,12.060324
Diavik,DVK,-110.2890015,64.51139832
Dickwella,DIW,80.733129,5.990192
Diebougou,XDE,-3.25,10.94999981
Digby,YDG,-65.78542471,44.54584504
Dilasag,DSG,122.2068056,16.44583333
Dimbokro,DIM,-4.64056015,6.651669979
Dinangat,DNU,146.6772,-6.1546
Dios,DOS,154.9616,-5.5609
Dirico,DRC,20.76806068,-17.98192406
Djanet,DJG,9.45244,24.292801
Djelfa,QDJ,3.351,34.6657
Djerba,DJE,10.7755003,33.875
Djibo,XDJ,-1.633000016,14.10000038
Djougou,DJA,1.637777778,9.692083333
Donaueschingen,ZQL,8.522221565,47.97333145
Dongola,DOG,30.43009949,19.15390015
Dongying,DOY,118.788002,37.50859833
Donnelly,YOE,-117.094002,55.7094
Dori,DOR,-0.033,14.03299999
Dorobisoro,DOO,147.920907,-9.461855
Dortmund,DTM,7.612239838,51.5182991
Douglas Lake,DGF,-120.1712734,50.16546005
Drayton Valley,YDC,-114.9599991,53.26580048
Dresden,DRS,13.76720047,51.13280106
Dryden,YHD,-92.744202,49.831699
Dubai,DCG,55.33138889,25.24222222
Dublin,DUB,-6.27007,53.421299
Duhamel,YGA,-75.11530304,46.11750031
Dumpu,DPU,145.705,-5.858
Duncan,DUQ,-123.7097025,48.75453362
Dundee,DND,-3.02583003,56.45249939
Dunsmuir,MHS,-122.272003,41.263199
Durango,AMK,-107.8690033,37.20320129
Durham,MME,-1.429409981,54.50920105
Eagle Pass,EGP,-100.512001,28.85720062
Earlton,YXR,-79.84734535,47.69740065
East Hartford,EHT,-72.6253,41.7517
East Sound,WDN,-123.0179977,48.71179962
Eastmain River,ZEM,-78.52249908,52.22639847
Ebermannstadt,URD,11.13361073,49.79416656
Ebon Atoll,EBO,168.752,4.5982
Edmonton,YEG,-113.5800018,53.30970001
Edmonton,YXD,-113.5210037,53.57249832
Edna Bay,EDA,-133.661012,55.949653
Edson,YET,-116.4649963,53.57889938
Efogi,EFG,147.6598056,-9.153805556
Egegik,BSZ,-157.352005,58.21620178
Eisenach,EIB,10.47973,50.991604
Ekati,YOA,-110.6149979,64.69889832
El Bayadh,EBH,1.0925,33.72166667
El Borma,EBM,9.254619598,31.70429993
El Daein,ADV,26.1186,11.4023
Eliptamin,EPT,141.6779,-5.0412
Ellamar,ELW,-146.704038,60.893818
Elliot Lake,YEL,-82.56140137,46.35139847
Embessa,EMS,148.7628,-9.447
Emden,EME,7.2275,53.391109
Emo Mission,EMO,148.0415,-9.1234
Enegu,ENU,7.56196022,6.474269867
Engati,EGA,146.1053,-6.9179
Enontekio,ENF,23.42429924,68.36260223
Entrance Island,HBH,-133.43848,57.412201
Eqalugaarsuit,QFG,-45.91406196,60.61971965
Erfurt,ERF,10.95810032,50.97980118
Erume,ERU,146.9747,-8.2538
Essington,PSQ,-75.29959869,39.85900116
Estevan,YEN,-102.9660034,49.21030045
Eunice,UCE,-92.42379761,30.46629906
Eureka,YEU,-85.81420136,79.99469757
Eureka,EUE,-116.0049973,39.60419846
Evadale,EVA,-94.07350159,30.32099915
Fada N'gourma,FNG,0.349999994,12.03299999
Fairmont Hot Springs,YCZ,-115.8730011,50.33029938
Fairview,ZFW,-118.4349976,56.08140183
False Island,FAK,-135.2129974,57.53219986
Faro,ZFA,-133.3760071,62.20750046
Fatima Mission,WTP,147.2525,-8.545833333
Fera Island,FRE,159.576996,-8.1075
Feramin,FRQ,141.6988,-5.208
Ferkessedougou,FEK,-5.1833333,9.6
Flateyri,FLI,-23.4416914,66.01418043
Flensburg,FLF,9.378889084,54.7733345
Flin Flon,YFO,-101.6819992,54.67810059
Florence,FMU,-124.1110001,43.98279953
Fond-Du-Lac,ZFD,-107.1819992,59.33440018
Fontanges,YFG,-71.1733017,54.55390167
Forestville,YFE,-69.09719849,48.74610138
Fort Albany,YFA,-81.69689941,52.20140076
Fort Bragg,FOB,-123.7959976,39.47430038
Fort Chipewyan,YPY,-111.1169968,58.76720047
Fort Frances,YAG,-93.43969727,48.65420151
Fort Good Hope,YGH,-128.651001,66.24079895
Fort Hope,YFH,-87.90779877,51.56190109
Fort Liard,YJF,-123.4690018,60.2358017
Fort Mackay,HZP,-111.7009964,57.38169861
Fort McMurray,NML,-111.5739975,57.05559921
Fort McMurray,YMM,-111.2220001,56.65330124
Fort Mcpherson,ZFM,-134.8609924,67.40750122
Fort Nelson,YYE,-122.5970001,58.83639908
Fort Reliance,YFL,-109.167,62.7
Fort Resolution,YFR,-113.6900024,61.18080139
Fort Severn,YER,-87.67610168,56.01890182
Fort Simpson,YFS,-121.2369995,61.7602005
Fort Smith,YSM,-111.961998,60.02030182
Fort St.John,YXJ,-120.739998,56.238098
Fort Worth,AFW,-97.31880188,32.98759842
Foshan,FUO,113.0699997,23.08329964
Frankfurt am Main,FRA,8.570556,50.033333
Frankfurt am Main,QEF,8.645833,49.959999
Frankfurt am Main,HHN,7.26389,49.9487
Fredericton,YFC,-66.53720093,45.8689003
Freetown,HGS,-13.12909985,8.397130013
Freetown,FNA,-13.1955,8.61644
Frieda River,FAQ,141.960138,-4.610468
Friedrichshafen,FDH,9.511489868,47.67129898
Frying Pan Island,YSI,-80.137497,45.173302
Fuma,FUM,142.4408,-6.3933
Gafsa,GAF,8.822500229,34.42200089
Gagnoa,GGN,-5.949999809,6.132999897
Gander,YQX,-54.56809998,48.93690109
Gaoua,XGA,-3.163454,10.384059
Garove Island,WIU,149.440112,-4.689522
Gasuke,GBC,141.7393,-6.1028
Gatineau,YND,-75.56359863,45.52170181
General Villegas,VGS,-63,-35
Geraldton,YGQ,-86.93939972,49.77830124
Giebelstadt,GHF,9.966388702,49.64805603
Gillam,YGX,-94.71060181,56.35749817
Gimli,YGM,-97.04329681,50.62810135
Girdwood,AQY,-149.126007,60.966099
Gizo,GZO,156.8639984,-8.097780228
Gjoa Haven,YHK,-95.84970093,68.63559723
Glasgow,GLA,-4.433060169,55.87189865
Glasgow,PIK,-4.586669922,55.50939941
Gods Lake Narrows,YGO,-94.49140167,54.55889893
Gods River,ZGI,-94.07859802,54.83969879
Golden Horn Lodge,GDH,-158.875,59.74700165
Goose Bay,YYR,-60.42580032,53.31919861
Gore,GOR,35.5529,8.1614
Gore Bay,YZE,-82.56780243,45.88529968
Gorom-Gorom,XGG,-0.232999995,14.44999981
Goronka,GKA,145.3919983,-6.081689835
Gosport,PME,-1.169170022,50.83530045
Gothenburg,GOT,12.27980042,57.66279984
Gothenburg,GSE,11.8704,57.7747
Grand Forks,ZGF,-118.4309998,49.0155983
Grande Cache,YGC,-118.8740005,53.91690063
Grande Prairie,YQU,-118.8850021,55.17969894
Grants Pass,GTP,-123.388,42.510101
Great Bear Lake,DAS,-119.7070007,66.70310211
Greenfield,GFD,-85.73609924,39.79029846
Greenville,SNI,-9.066800117,5.034309864
Greenwood,YZX,-64.91690063,44.9844017
Grimsby,HUY,-0.350832999,53.57440186
Grimsby,GSY,-0.209999993,53.44670105
Grise Fiord,YGZ,-82.90920258,76.42610168
Guari,GUG,146.8722,-8.1286
Guemar,ELU,6.776790142,33.51139832
Guiglo,GGO,-7.526847,6.534711
Gurney,GUR,150.3339996,-10.3114996
Gusap,GAP,145.959047,-6.053196
Gustavus,BQV,-135.8849945,58.4552002
Gwarawon,NKN,146.4533,-5.837
Habi,HBD,142.4893,-6.32
Haines Junction,YHT,-137.5460052,60.78919983
Haivaro,HIT,143.059,-6.9406
Halifax,YHZ,-63.50859833,44.88079834
Hall Beach,YUX,-81.2425,68.77610016
Halli / Kuorevesi,KEV,24.786686,61.856039
Hamburg,HAM,9.988229752,53.63040161
Hamburg,XFW,9.83555603,53.53527832
Hamilton,YHM,-79.93499756,43.17359924
Hannover,HAJ,9.685079575,52.46110153
Harper,CPA,-7.696949959,4.379020214
Harrismith,HRS,29.10619926,-28.23509979
Hartford,BDL,-72.68319702,41.93889999
Hartley Bay,YTB,-129.25,53.416698
Haskovo,HKV,25.60479927,41.87179947
Hassi Messaoud,HME,6.140439987,31.67300034
Hatchet Lake,YDJ,-103.538002,58.66249847
Havre St-Pierre,YGV,-63.6114006,50.2818985
Hawarden,CEG,-2.977780104,53.17810059
Hay River,YHY,-115.7829971,60.83969879
Hayman Island,HIS,148.8809967,-20.05999947
Hearst,YHF,-83.68609619,49.71419907
Heidelberg,HDB,8.651935,49.392397
Heiweni,HNI,146.4276,-7.4223
Helenvale,HLV,145.2149963,-15.6857996
Helgoland,HGL,7.915832996,54.18527985
Helsinki,HEM,25.0428009,60.25460052
Helsinki,HEL,24.9633007,60.31719971
Herendeen Bay,HED,-160.8990021,55.80139923
Heringsdorf,HDF,14.15229988,53.87870026
High Level,YOJ,-117.1650009,58.62139893
High Prairie,ZHP,-116.4749985,55.39360046
Hinton,YJP,-117.7529984,53.31919861
Hof,HOQ,11.85638905,50.28861237
Hogatza,HGZ,-155.6690063,66.2161026
Hollister,HLI,-121.4100037,36.8932991
Honiara,HIR,160.0549927,-9.42800045
Honinabi,HNN,142.1771,-16.2457
Hope,YHE,-121.4980011,49.36830139
Hope Bay,JOJ,-106.5852814,68.12527466
Hopedale,YHO,-60.22859955,55.44829941
Hornepayne,YHN,-84.7589035,49.19309998
Hoskins,HKN,150.4049988,-5.462170124
Hudson,HCC,-73.71029663,42.29130173
Hudson Bay,YHB,-102.310997,52.81669998
Hudson's Hope,YNH,-121.9759979,56.03559875
Huizhou,HUZ,114.5999985,23.04999924
Hukuntsi,HUK,21.758101,-23.9897
Humboldt,HUD,-94.24520111,42.73609924
Huntingdon,AYH,-0.219722003,52.37440109
Husum,QHU,9.138333321,54.50999832
Hvammstangi,HVM,-20.84690094,65.2664032
Hyder,WHD,-130.009975,55.903324
Ialibu,IAL,143.9944,-6.2782
Ibadan,IBA,3.978329897,7.362460136
Icy Bay,ICY,-141.6620026,59.96900177
Iginniarfik,QFI,-53.17352772,68.14722559
Igloolik,YGT,-81.81610107,69.36470032
Ignace,ZUC,-91.71779633,49.42969894
Ikamiut,QJI,-51.83226228,68.6342531
Ikerassaarsuk,QRY,-53.44145894,68.14088101
Ilford,ILF,-95.61389923,56.06140137
Ilimanaq,XIQ,-51.11431539,69.080915
Illizi,VVZ,8.622650146,26.7234993
Ilorin,ILR,4.493919849,8.440210342
Ilulissat,JAV,-51.05709839,69.24320221
Imane,IMN,146.1072,-6.7524
Imonda,IMD,141.1573,-3.328
In Guezzam,INF,5.75,19.56699944
In Salah,INZ,2.512020111,27.25099945
Independence,INB,-88.44129944,16.53450012
Inukjuak,YPH,-78.07689667,58.47190094
Inuvik,YEV,-133.4830017,68.30419922
Inverness,INV,-4.047500134,57.54249954
Iqaluit,YFB,-68.555801,63.756402
Island Lake,YIV,-94.6536026,53.85720062
Ittoqqortoormiit,OBY,-21.97167993,70.48822882
Ivalo,IVL,27.40530014,68.6072998
Ivujivik,YIK,-77.9253006,62.41730118
Jamba,JMB,16.07014847,-14.6981926
Jamestown,HLE,-5.645943,-15.957725
Jasper,YJA,-118.058998,52.9967
Jasper,APT,-85.585297,35.060699
Jebel Ali,DJH,55.023796,24.988967
Jenpeg,ZJG,-98.0460968,54.51890182
Ji'an,JGS,114.7369995,26.85689926
Jijel,GJL,5.87361002,36.79510117
Johnson City,JCY,-98.62249756,30.25180054
Jos,JOS,8.869050026,9.639829636
Juist,JUI,7.055832863,53.68111038
Kaduna,KAD,7.320109844,10.6960001
Kagau Island,KGE,157.585,-7.3305
Kagua,AGK,143.8536111,-6.396388889
Kalakaket Creek,KKK,-156.8203926,64.4166257
Kalamazoo,AZO,-85.55210114,42.23490143
Kalpitiya Island,DBK,79.756,8.273
Kamloops,YKA,-120.4440002,50.70220184
Kanainj,KNE,144.7072,-5.2903
Kandi,KDC,2.940381,11.14479
Kangaatsiaq,QPW,-53.46020758,68.31265749
Kangerlussuaq,SFJ,-50.71160316,67.0122219
Kangiqsualujjuaq,XGR,-65.99279785,58.71139908
Kangiqsujuaq,YWB,-71.92939758,61.58860016
Kangirsuk,YKG,-69.99919891,60.02719879
Kano,KAN,8.52462,12.0476
Kantchari,XKA,1.5,12.46700001
Kapuskasing,YYU,-82.46749878,49.41389847
Kar Kar Island,KRX,145.9404,-4.557
Karimui,KMR,144.823,-6.4921
Karlstad,KSD,13.33740044,59.44469833
Kasabonika,XKS,-88.64279938,53.52470016
Kasba Lake,YDU,-102.5019989,60.29190063
Kashechewan,ZKE,-81.67780304,52.28250122
Kasonombe,KSB,146.9859,-6.3819
Kassel,KSF,9.384967,51.417273
Katmai National Park,BKF,-155.7769928,58.55479813
Katsina,DKA,7.660449982,13.0078001
Kattiniq,YAU,-73.3214035,61.66220093
Kavieng,KVG,150.8079987,-2.579400063
Kaya,XKY,-1.100000024,13.06700039
Kayenta,MVM,-110.228444,36.716444
Keewaywin,KEW,-92.83640289,52.99110031
Kegaska,ZKG,-61.26580048,50.19580078
Kelowna,YLW,-119.3779984,49.95610046
Kelsey,KES,-96.50969696,56.03749847
Kenai,DRF,-152.1620026,60.58890152
Kenora,YQK,-94.36309814,49.78829956
Kerema,KMA,145.7709961,-7.963610172
Ketchikan,WFB,-131.677002,55.349899
Key Lake,YKJ,-105.6179962,57.2560997
Key Largo,OCA,-80.27480316,25.3253994
Kiel,KEL,10.14527798,54.37944412
Kieta,KIE,155.728139,-6.305417
Kikori,KRI,144.2500763,-7.424379826
Killaloe,YXI,-77.60279846,45.6631012
Killarney,KIR,-9.523779869,52.18090057
Kimberley Downs,KBD,124.3550034,-17.39780045
Kimmirut,YLC,-69.88330078,62.84999847
Kincardine,YKD,-81.606697,44.201401
Kindersley,YKY,-109.1809998,51.51750183
Kingfisher Lake,KIF,-89.8553009,53.01250076
Kingston,YGK,-76.59690094,44.22529984
Kirakira,IRA,161.897995,-10.44970036
Kirkland Lake,YKX,-79.98139954,48.21030045
Kitchener,YKF,-80.37860107,43.46080017
Kitkatla,YKK,-130.4329987,53.79999924
Kitsissuarsuit,QJE,-53.12329531,68.857926
Kiunga,UNG,141.2819977,-6.125710011
Knee Lake,YKE,-94.798103,54.915298
Kolombangara Island,KUE,156.94783,-8.0262
Komaio,KCJ,143.5952,-7.2714
Komako,HOC,145.8827,-7.3984
Kondobol,KPF,142.5049,-8.5336
Konge,KGB,147.2152,-6.2239
Kopiago,KPA,142.4977,-5.3883
Korhogo,HGO,-5.556660175,9.387180328
Koroba,KDE,142.7441,-5.6952
Kotte,DWO,79.909,6.906585
Kugaaruk,YBB,-89.808098,68.534401
Kugluktuk,YCO,-115.143997,67.816704
Kulgera,KGR,133.2920074,-25.84280014
Kulusuk,KUS,-37.12360001,65.57360077
Kumasi,KMS,-1.590819955,6.714560032
Kundiawa,CMU,144.970993,-6.024290085
Kungim,KGM,141.03,-5.671
Kuressaare,URE,22.5095005,58.22990036
Kuri,KUQ,143.276111,-7.135083
Kuujjuaq,YVP,-68.42690277,58.09609985
Kuujjuarapik,YGW,-77.76529694,55.2818985
Kwailabesi,KWS,160.775127,-8.360508
La Chorrera,LCR,-73.01667,-0.733333
La Grande-3,YAR,-76.1964035,53.57170105
La Grande-4,YAH,-73.6753006,53.75469971
La Romaine,ZGS,-60.679401,50.259701
La Ronge,YVC,-105.262001,55.15140152
La Sarre,SSQ,-79.1785965,48.91719818
La Tuque,YLQ,-72.78890228,47.40969849
Lab Lab Mission,LAB,148.0566,-5.7204
Lac Brochet,XLB,-101.4690018,58.61750031
Lac La Biche,YLB,-112.0319977,54.77030182
Lady Elliot Island,LYT,152.7156,-24.1129
Ladysmith,LAY,29.74970055,-28.58169937
Lae,LAE,146.725977,-6.569803
Laghouat,LOO,2.928339958,33.76440048
Lagos,LOS,3.321160078,6.577370167
Lakeport,CKE,-122.901001,38.99060059
Langeoog,LGO,7.497777939,53.74250031
Langley,YLY,-122.6309967,49.10079956
Lansdowne House,YLH,-87.93419647,52.1955986
Laurie River,LRQ,-101.3040009,56.24860001
Lax Kw'alaams,YPI,-130.432999,54.5667
Lazy Bay,ALZ,-154.2480011,56.8995018
Leaf Rapids,YLR,-99.98529816,56.51330185
Leeds,LBA,-1.660570025,53.86589813
Leipzig,LEJ,12.236389,51.423889
Lemwerder,XLW,8.62444,53.144699
Leo,XLU,-2.099999905,11.10000038
Leonardtown,LTW,-76.55010223,38.31539917
Leron Plains,LPN,146.3434,-6.3917
Lese,LNG,146.2765,-8.2799
Lethbridge,YQL,-112.8000031,49.63029861
Levelock,KLL,-156.8589935,59.12810135
Liangia,GEF,156.5970001,-7.575829983
Lima,AOH,-84.026703,40.706902
Lime Village,LVD,-155.4400024,61.35910034
Lincang,LNJ,100.0250015,23.73810005
Little Grand Rapids,ZGR,-95.46579742,52.04560089
Livengood,LIV,-148.6534,65.467
Liverpool,LPL,-2.849720001,53.33359909
Lloydminster,YLL,-110.072998,53.30920029
Londolovit,LNV,152.6289978,-3.043610096
London,YXU,-81.1539,43.035599
London,LTN,-0.368333012,51.87469864
London,BQH,0.032499999,51.3307991
London,LGW,-0.190278,51.148102
London,LCY,0.055278,51.505299
London,LHR,-0.461941,51.4706
London,STN,0.234999999,51.88499832
London,NHT,-0.418166995,51.5530014
Lonely,LNI,-153.2420044,70.91069794
Long Island,LSJ,147.0177,-5.3604
Loring,WLR,-131.6369934,55.60129929
Los Angeles,CCD,-118.4179993,34.06079865
Los Menucos,LMD,-68.074699,-40.817699
Losuia,LSA,151.0809937,-8.505820274
Lourdes-De-Blanc-Sablon,YBX,-57.18529892,51.4435997
Lowai,LWI,146.6458,-6.3344
Lubbock,REE,-102.0370026,33.59030151
Luena,LUO,19.89769936,-11.76809978
Lumbala,GGC,22.5868206,-12.63987732
Lupin Mine,YWO,-111.25,65.76667023
Lutselk'e,YSG,-110.681998,62.418303
Lynn Lake,YYL,-101.0759964,56.86389923
Macmillan Pass,XMP,-130.2019959,63.18109894
Madang,MAG,145.7890015,-5.207079887
Magdeburg,CSO,11.42029953,51.85639954
Magdeburg,ZMG,11.626389,52.073612
Magnolia,AGO,-93.217002,33.228001
Maiduguri,MIU,13.08090019,11.85529995
Maitanakunai,OPB,151.696195,-4.794727
Makkovik,YMN,-59.18640137,55.07690048
Makurdi,MDI,8.61394,7.70388
Manari,MRM,147.6219,-9.1908
Manchester,MAN,-2.274950027,53.35369873
Manguna,MFO,151.792333,-5.577778
Maniitsoq,JSU,-52.93939972,65.41249847
Manitouwadge,YMG,-85.86060333,49.08390045
Manitowaning,YEM,-81.85810089,45.84280014
Maniwaki,YMW,-75.99060059,46.27280045
Mannheim,MHG,8.514167,49.473057
Manus Island,MAS,147.423996,-2.06189
Mapoda,MPF,143.1694,-7.979
Maradi,MFQ,7.126749992,13.50249958
Maramuni,MWI,143.4829,-5.13
Marathon,YSP,-86.3443985,48.75529861
Marau,RUS,160.8249969,-9.86166954
Marawaka,MWG,145.8849,-6.9736
Marlboro,MXG,-71.509002,42.343201
Marshall,ASL,-94.30780029,32.52050018
Mary's Harbour,YMH,-55.84719849,52.30279922
Marysville,BAB,-121.4369965,39.13610077
Masa,MBV,147.591,-6.345
Masset,ZMT,-132.125,54.02750015
Matagami,YNM,-77.80280304,49.76169968
Matane,YME,-67.45330048,48.85689926
May River,MRH,141.785,-4.3615
Mayo,YMA,-135.8679962,63.61640167
Mbambanakira,MBU,159.8390045,-9.74750042
Meadow Lake,YLJ,-108.5230026,54.12530136
Mecheria,MZW,-0.242353007,33.53590012
Medicine Hat,YXH,-110.7210007,50.01890182
Mejato Island,EAL,166.8477778,9.319305556
Melinda,MDB,-88.30419922,17.00429916
Melle,GDI,21.728172,9.581117
Memmingen,FMM,10.23950005,47.98880005
Mendi,MDU,143.656998,-6.14774
Mendi,NDM,35.09999847,9.767000198
Merritt,YMB,-120.7470016,50.12279892
Mesquite,MFH,-114.0550003,36.83499908
Meyers Chuck,WMK,-132.2550049,55.73960114
Miners Bay,YAV,-123.3000031,48.86669922
Minna,MXJ,6.462259769,9.652170181
Miramichi,YCH,-65.449203,47.007801
Miranda Downs,MWY,141.886002,-17.328899
Misima Island,MIS,152.8379974,-10.6892004
Mobile,BFM,-88.06809998,30.62680054
Monastir,MIR,10.75469971,35.7580986
Moncton,YQM,-64.6785965,46.11220169
Monrovia,MLW,-10.75870037,6.289060116
Monrovia,ROB,-10.3623,6.23379
Mont-Joli,YYY,-68.20809937,48.60860062
Montreal,YCV,-73.71669769,45.51670074
Moose Jaw,YMJ,-105.5589981,50.33029938
Moosonee,YMO,-80.60780334,51.29109955
Mora,MXX,14.5114,60.957901
Moro,MXH,143.2380066,-6.363329887
Morobe,OBM,147.59,-7.74
Mougulu,GUV,142.420775,-6.280859
Mount Hagen,HGU,144.2960052,-5.826789856
Mount Pleasant,MPN,-58.44720078,-51.82279968
Mount Pleasant,MSD,-111.475978,39.526651
Munduku,MDM,143.4516,-4.6204
Munich,MUC,11.7861,48.353802
Muskoka,YQA,-79.30329895,44.97470093
Muskrat Dam,MSA,-91.76280212,53.44139862
Myroodah,MYO,124.2720032,-18.12470055
Myvatn,MVA,-16.91810036,65.65579987
Nabai,BAP,149.6414,-10.3432
Nain,YDP,-61.68030167,56.54919815
Nakina,YQN,-86.6964035,50.18280029
Naknek,NNK,-157.0200043,58.73289871
Namane,NMN,145.070667,-6.32183
Namatanai,ATN,152.438,-3.6695
Nambaiyufa,NBA,145.2424,-6.2412
Nanaimo,ZNA,-123.9499969,49.18330002
Nanaimo,YCD,-123.8698626,49.05497022
Nanortalik,JNN,-45.23297668,60.14188398
Nantong,NTG,120.9759979,32.07080078
Nantucket,ACK,-70.06020355,41.25310135
Nanuya Lailai Island,BXL,177.368,-16.943
Napa,APC,-122.280998,38.2132
Naples,APF,-81.77529907,26.15259933
Narsaq,JNS,-46.05992317,60.91728273
Narsarsuaq,UAK,-45.42599869,61.16049957
Nashua,ASH,-71.51480103,42.78170013
Nashville,BNA,-86.67819977,36.12450027
Natashquan,YNA,-61.78919983,50.18999863
Natitingou,NAE,1.360507,10.376965
Natuashish,YNP,-61.184399,55.913898
Ndalatandos,NDF,14.97724247,-9.275188446
Neerlerit Inaat,CNP,-22.65049934,70.74310303
Negarbo,GBF,144.703058,-6.567778
Nemiscau,YNS,-76.13559723,51.69110107
Neubrandenburg,FNB,13.306,53.6022
New Iberia,ARA,-91.883904,30.0378
New York,TSS,-73.9720993,40.74259949
New York,QNY,-73.9729,40.734001
New York,JPB,-73.9765,40.7533
New York,JRA,-74.007103,40.754501
New York,JRB,-74.00900269,40.70119858
Newcastle,NCL,-1.691669941,55.03749847
Newcastle,NCS,29.9769001,-27.77059937
Niamey,NIM,2.18361,13.4815
Niamtougou,LRL,1.091249943,9.76733017
Nicosia,NIC,33.27870178,35.1507988
Niles,NLE,-86.22519684,41.83589935
Norddeich,NOD,7.190278053,53.63305664
Norderney,NRD,7.230000019,53.70694351
Norman Wells,YVQ,-126.7979965,65.28160095
North Battleford,YQW,-108.2440033,52.76919937
North Bay,YYB,-79.422798,46.363602
North Spirit Lake,YNO,-92.97109985,52.49000168
Norway House,YNE,-97.84420013,53.95830154
Norwich,NWI,1.282780051,52.67580032
Nouna,XNU,-3.867000103,12.75
Nunapitchuk,NUP,-162.440454,60.905591
Nuremberg,NUE,11.078056,49.498699
Nuuk,GOH,-51.67810059,64.19090271
Oaktown,OTN,-87.49970245,38.85139847
Obre Lake,YDW,-103.1289978,60.31639862
Ocean Falls,ZOF,-127.7170029,52.36669922
Odienne,KEO,-7.566999912,9.5
Ogoki Post,YOG,-85.90170288,51.65859985
Okoyo,OKG,15.07330036,-1.448330045
Oksapmin,OKP,142.2259,-5.2261
Old Crow,YOC,-139.8390045,67.57060242
Ontario County IDA,IUA,-77.325226,42.908902
Ontong Java Atoll,OTV,159.5277778,-5.515
Opapimiskan Lake,YBS,-90.37689972,52.6067009
Oran,ORN,-0.621182978,35.62390137
Orange Walk,ORZ,-88.58386993,18.04676628
Orchid Beach,OKB,153.3150024,-24.95940018
Oshawa,YOO,-78.894997,43.922798
Ostend,OST,2.862220049,51.19889832
Ottawa,TR7,-75.64254284,45.46383295
Ottawa,YOW,-75.66919708,45.32249832
Ottawa,YRO,-75.64610291,45.46030045
Ouagadougou,OUA,-1.51242,12.3532
Ouahigouya,OUG,-2.417000055,13.56700039
Ouango Fitini,OFI,-4.050000191,9.600000381
Ouargla,OGX,5.412779808,31.91720009
Oum El Bouaghi,QMH,7.270800114,35.87969971
Ouzinkie,KOZ,-152.496715,57.925362
Owen Sound,YOS,-80.83750153,44.59030151
Owerri,QOW,7.206029892,5.427060127
Oxford House,YOH,-95.27890015,54.93330002
Paamiut,JFR,-49.67093658,62.01473618
Paderborn,PAD,8.616319656,51.61410141
Palmer,PMX,-72.31140137,42.22330093
Pama,XPA,0.699999988,11.25
Pangia,PGN,144.1084,-6.386
Pangnirtung,YXP,-65.71360016,66.14499664
Pangoa,PGB,141.5605,-7.0226
Panzhihua,PZI,101.79852,26.54
Parakou,PKO,2.609679937,9.357689857
Parasi,PRS,161.4250031,-9.641670227
Parry Sound,YPD,-79.829697,45.2575
Paulatuk,YPC,-124.07547,69.36083812
Peace River,YPE,-117.446999,56.226898
Peach Springs,GCW,-113.8160019,35.99039841
Peawanuck,YPO,-85.44329834,54.98809814
Pedro Bay,PDB,-154.1239929,59.78960037
Pembroke,YTA,-77.25170135,45.86439896
Penticton,YYF,-119.6019974,49.46310043
Peppimenarti,PEP,130.0910034,-14.14420033
Perry,FPY,-83.58059692,30.0692997
Perth,PSL,-3.372220039,56.43920135
Petawawa,YWA,-77.31919861,45.95220184
Peterborough,YPQ,-78.36329651,44.22999954
Pickle Lake,YPL,-90.21420288,51.44639969
Pikangikum,YPM,-93.97329712,51.81969833
Pikwitonei,PIW,-97.16419983,55.58890152
Pilot Station,PQS,-162.899994,61.934601
Pincher Creek,WPC,-113.9970016,49.52059937
Pinehouse Lake,ZPO,-106.5820007,55.52809906
Pittsburgh,AGC,-79.93019867,40.35440063
Pituffik,DUN,-68.8,76.525
Placencia,PLJ,-88.36151123,16.53695679
Plymouth,PLH,-4.10583,50.422798
Po,PUP,-1.149999976,11.14999962
Points North Landing,YNL,-104.0820007,58.27669907
Pond Inlet,YIO,-77.96669769,72.6832962
Poplar Hill,YHP,-94.2556,52.1133
Poplar River,XPP,-97.27419376,52.99652588
Popondetta,PNP,148.3090057,-8.80453968
Port Alberni,YPB,-124.931,49.321899
Port Alice,PTC,-133.597,55.803
Port Harcourt,PHC,6.949590206,5.015490055
Port Hardy,YZT,-127.3669968,50.68059921
Port Hawkesbury,YPS,-61.36809921,45.65670013
Port Hope Simpson,YHA,-56.28609848,52.52809906
Port Mcneill,YMP,-127.0289993,50.57559967
Port Moresby,POM,147.2200012,-9.443380356
Port Protection,PPV,-133.6100006,56.3288002
Port Townsend,TWD,-122.810997,48.05379868
Portage la Prairie,YPG,-98.273817,49.903099
Port-Menier,YPN,-64.28859711,49.83639908
Postville,YSO,-59.78507,54.9105
Pottuvil,AYY,81.82388889,6.86
Poulsbo,PUL,-122.6470032,47.73400116
Powell River,YPW,-124.5,49.83420181
Preston,PST,-75.65830231,20.73500061
Prince Albert,YPA,-105.6729965,53.21419907
Prince George,YXS,-122.6790009,53.88940048
Prince Patrick Is.,YMD,-119.3216,76.2392
Prince Rupert,YPR,-130.4450073,54.28609848
Prishtina,PRN,21.035801,42.5728
Pukatawagan,XPK,-101.2659988,55.74919891
Pumani,PMN,149.4766,-9.7469
Punta Gorda,PND,-88.8082962,16.10239983
Puvirnituq,YPX,-77.28690338,60.05059814
Qaanaaq,NAQ,-69.38870239,77.48860168
Qaqortoq,JJU,-46.02991864,60.71568416
Qasigiannguit,JCH,-51.17344737,68.82281555
Qeqertaq,QQT,-51.30091667,69.99586111
Qeqertarsuaq Airport,JGO,-53.51487637,69.25118199
Qikiqtarjuaq,YVM,-64.03140259,67.54579926
Qualicum Beach,XQU,-124.393997,49.3372
Quaqtaq,YQC,-69.61779785,61.04639816
Quebec,YQB,-71.393303,46.7911
Queenstown,UTW,26.88220024,-31.92020035
Quesnel,YQZ,-122.5100021,53.02610016
Quincy,GNF,-120.945,39.943902
Rainbow Lake,YOP,-119.4079971,58.49140167
Ramata,RBV,157.6430054,-8.168060303
Rankin Inlet,YRT,-92.11579895,62.81140137
RCAF Station Saglek,YSV,-62.655373,58.475119
Red Deer,YQF,-113.8939972,52.18220139
Red Lake,YRL,-93.79309845,51.06689835
Red Sucker Lake,YRS,-93.55719757,54.16719818
Regina,YQR,-104.6660004,50.43190002
Rennell Island,RNL,160.0630035,-11.53390026
Repulse Bay,YUT,-86.22470093,66.52140045
Resolute Bay,YRB,-94.9693985,74.71690369
Revelstoke,YRV,-118.1829987,50.96670151
Reykjavik,RKV,-21.94059944,64.12999725
Riesa,IES,13.35611057,51.29360962
Rif,OLI,-23.82309914,64.91139984
Rigolet,YRG,-58.45750046,54.17969894
Rimouski,YXK,-68.49690247,48.47809982
Ringi Cove,RIN,157.1430054,-8.126390457
Rivers Inlet,YRN,-127.264044,51.683985
Roberval,YRJ,-72.26560211,48.52000046
Rochester,RCS,0.503332973,51.35189819
Rockhampton Downs,RDA,135.201004,-18.95330048
Rocky Mountain House,YRM,-114.9039993,52.42969894
Rolla,RLA,-91.81349945,37.93569946
Roosevelt,ROL,-110.051003,40.278301
Ross River,XRR,-132.4230042,61.97060013
Rostock,RLG,12.27830029,53.91820145
Round Lake,ZRJ,-91.31279755,52.9435997
Rouyn-Noranda,YUY,-78.83560181,48.20610046
Rurenabaque,RBQ,-67.49680328,-14.42790031
Sabah,SBV,155.0489,-5.5765
Sabana De Torres,SNT,-73.505402,7.38322
Sable Island,YSA,-59.960289,43.930292
Sachigo Lake,ZPB,-92.1964035,53.89110184
Sachs Harbour,YSY,-125.2429962,71.99389648
Saginaw Bay,SGW,-134.1580048,56.88629913
Saint John,YSJ,-65.89029694,45.31610107
Saint Louis,XLS,-16.46319962,16.05080032
Salida,SLT,-106.0490036,38.53829956
Salina,SBO,-111.8379974,39.02909851
Salluit,YZG,-75.66719818,62.1794014
Salmon Arm,YSN,-119.228996,50.682802
Salt Spring Island,YGG,-123.4969,48.8545
San Ignacio,SQS,-89.0098,17.1859
San Pedro,SPQ,-118.2750015,33.74919891
San Pedro,SPR,-87.9711,17.9139
Sandspit,YZP,-131.8139954,53.25429916
Sandy Lake,ZSJ,-93.3443985,53.06420135
Sanikiluaq,YSK,-79.24669647,56.53779984
Sankt Peter-Ording,PSH,8.686944008,54.30888748
Santa Ana Island,NNB,162.454108,-10.847994
Santa Cruz,STU,-88.45629883,18.27210045
Santa Cruz/Graciosa Bay/Luova,SCZ,165.7949982,-10.72029972
Sarmiento,OLN,-68.999841,-45.582371
Sarnia,YZR,-82.30889893,42.99940109
Sartaneja,SJX,-88.13079834,18.35610008
Saskatoon,YXE,-106.6999969,52.17079926
Sassandra,ZSS,-6.132780075,4.928329945
Sault Ste Marie,YAM,-84.50939941,46.48500061
Sauren,SXW,148.8543,-5.9701
Saurimo,VHC,20.43190002,-9.689069748
Schefferville,YKL,-66.80529785,54.80530167
Scottsbluff,BFF,-103.5960007,41.87400055
Seattle,BFI,-122.302002,47.52999878
Sebba,XSE,0.51700002,13.44999981
Sechelt,YHS,-123.7190018,49.46060181
Sege,EGM,157.8760071,-8.578889847
Seguela,SEO,-6.710830212,7.968329906
Sekondi-Takoradi,TKD,-1.774760008,4.89605999
Selbang,SBC,141.752,-5.315
Sepik Plains,SPV,143.6734,-3.8821
Sfax,SFA,10.69099998,34.7179985
Shamattawa,ZTM,-92.08139801,55.86560059
Shannon,SNN,-8.92482,52.702
Shaoguan,HSC,113.4209976,24.97859955
Shaw River,SWB,119.3619995,-21.51029968
Sherbrooke,YSC,-71.69139862,45.43859863
Sialum,SXA,147.5955,-6.0908
Sila Mission,SIL,148.38925,-9.073555556
Silver Creek,SVK,-88.33999634,16.72529984
Sim,SMJ,146.9273,-7.75
Simbai,SIM,144.5447222,-5.278611111
Simberi Island,NIS,151.9977778,-2.662222222
Sioux Lookout,YXL,-91.90529633,50.11389923
Sisimiut,JHS,-53.72930145,66.95130157
Skikda,SKI,6.9516,36.8641
Slave Lake,YZH,-114.7770004,55.29309845
Smithers,YYD,-127.1829987,54.8246994
Smiths Falls,YSH,-75.94059753,44.94580078
Snap Lake Mine,YNX,-110.905998,63.593601
Sokoto,SKO,5.207190037,12.91629982
Solomon,SOL,-164.4457,64.5605
Sopu,SPH,147.1659,-8.3038
South Indian Lake,XSI,-98.90720367,56.7928009
Southampton,SOU,-1.35679996,50.95029831
Southend,SEN,0.695555985,51.57139969
Springdale,SPZ,-94.11930084,36.17639923
Springvale,ZVG,127.6699982,-17.78689957
Squamish,YSE,-123.1620026,49.78170013
St Catharines,YCM,-79.17169952,43.19169998
St Jean,YJN,-73.28109741,45.29439926
St Leonard,YSL,-67.83470154,47.15750122
St Thomas,YQS,-81.1108017,42.77000046
St. Andrews,ADX,-2.868439913,56.3728981
St. Anthony,YAY,-56.08309937,51.39189911
St. John's,YYT,-52.75189972,47.61859894
St. Lewis,YFX,-55.6739006,52.37279892
St. Mary's,ISC,-6.291669846,49.91329956
St. Paul,ZSP,-111.3799973,53.99330139
St. Theresa Point,YST,-94.85189819,53.84560013
Star Harbor,NAZ,162.2049,-10.6758
St-Augustin,YIF,-58.65829849,51.21170044
Stephenville,YJT,-58.54999924,48.5442009
Stewart,ZST,-129.9824345,55.93541045
Stirling Island,MNY,155.5650024,-7.416940212
Stockholm,ARN,17.91860008,59.65190125
Stockholm,BMA,17.94169998,59.35440063
Stony Rapids,YSF,-105.8410034,59.25030136
Stornoway,SYY,-6.331110001,58.21559906
Straubing,RBM,12.51666737,48.90083313
Stuart Island,SSW,-123.1760025,48.67290115
Stuart Island,YIG,-125.1372,50.3923
Sturt Creek,SSK,128.173996,-19.16640091
Stuttgart,STR,9.221960068,48.68989944
Suavanao,VAO,158.7310028,-7.585559845
Sudbury,YSB,-80.79889679,46.625
Suffield,YSD,-111.1829987,50.26670074
Sullivan Bay,YTG,-126.831069,50.885359
Summer Beaver,SUR,-88.54190063,52.70859909
Summerside,YSU,-63.83359909,46.44060135
Sunchales,NCJ,-61.5283,-30.9575
Suncor Energy Site,YFI,-110.976666,57.275833
Sunyani,NYI,-2.328759909,7.361830235
Supai Village,HAE,-113.0920029,36.1916008
Swan River,ZJN,-101.2360001,52.12060165
Swift Current,YYN,-107.6910019,50.29190063